customer_id,name,age,gender,tenure,service,monthly_charges,total_charges,churn
CUST6928,Customer4,26,Male,34,Phone,27.2,924.8,False
CUST7343,Customer37,51,Female,52,Phone,78.33,4073.16,False
CUST2267,Customer34,27,Female,46,Both,32.68,1503.28,True
CUST9470,Customer5,55,Male,15,Phone,39.37,590.55,True
CUST9360,Customer39,69,Female,21,Phone,115.33,2421.93,True
CUST3937,Customer90,36,Male,29,Phone,50.06,1451.74,True
CUST3375,Customer48,56,Male,26,Both,37.61,977.86,False
CUST4265,Customer36,28,Female,26,Both,62.16,1616.16,True
CUST1554,Customer10,60,Male,34,Internet,97.48,3314.32,True
CUST6255,Customer64,39,Male,37,Internet,24.45,904.65,False
CUST7499,Customer9,23,Female,33,Phone,34.6,1141.8,True
CUST2076,Customer2,60,Female,30,Internet,28.09,842.7,False
CUST5981,Customer45,54,Male,24,Internet,94.0,2256.0,False
CUST1463,Customer3,42,Female,6,Both,47.98,287.88,False
CUST4961,Customer29,32,Male,20,Internet,25.75,515.0,True
CUST8780,Customer98,54,Male,46,Phone,33.46,1539.16,True
CUST7927,Customer47,55,Male,33,Phone,88.66,2925.78,True
CUST6806,Customer57,42,Female,17,Both,83.53,1420.01,True
CUST6725,Customer23,25,Male,37,Phone,20.62,762.94,False
CUST3387,Customer38,34,Male,38,Internet,90.0,3420.0,True
CUST3207,Customer42,66,Female,46,Internet,90.33,4155.18,False
CUST6543,Customer1,52,Male,14,Internet,70.57,987.98,True
CUST8674,Customer7,56,Male,67,Both,24.98,1673.66,False
CUST2139,Customer66,33,Female,4,Internet,53.73,214.92,True
CUST6750,Customer91,26,Female,4,Internet,83.57,334.28,True
CUST8876,Customer99,27,Female,8,Internet,74.73,597.84,False
CUST6008,Customer95,42,Female,10,Both,111.6,1116.0,True
CUST9443,Customer66,24,Male,31,Phone,74.08,2296.48,True
CUST3653,Customer36,49,Male,72,Internet,44.16,3179.52,True
CUST2432,Customer51,47,Male,5,Both,64.75,323.75,True
CUST1802,Customer10,26,Male,34,Both,106.27,3613.18,True
CUST4989,Customer38,50,Female,60,Internet,93.53,5611.8,True
CUST3160,Customer29,42,Male,16,Both,99.16,1586.56,True
CUST8443,Customer99,59,Male,21,Internet,40.25,845.25,True
CUST6996,Customer49,53,Male,36,Phone,33.8,1216.8,True
CUST3913,Customer94,30,Female,57,Phone,86.78,4946.46,True
CUST9799,Customer15,52,Male,7,Phone,65.29,457.03,False
CUST4315,Customer88,52,Male,44,Both,77.14,3394.16,False
CUST3682,Customer93,69,Female,43,Both,20.86,896.98,True
CUST1727,Customer100,36,Male,17,Both,90.58,1539.86,True
CUST7634,Customer42,56,Female,26,Internet,75.44,1961.44,True
CUST3045,Customer99,18,Female,29,Both,34.07,988.03,False
CUST6849,Customer72,60,Male,23,Internet,50.09,1152.07,False
CUST8174,Customer58,20,Female,69,Phone,76.08,5249.52,True
CUST3287,Customer5,39,Male,42,Both,93.88,3942.96,False
CUST2480,Customer16,21,Female,30,Internet,50.14,1504.2,False
CUST1247,Customer42,70,Female,25,Both,98.6,2465.0,False
CUST3089,Customer3,43,Male,41,Both,33.82,1386.62,True
CUST1956,Customer93,57,Female,28,Internet,74.41,2083.48,False
CUST8806,Customer40,61,Male,24,Internet,53.98,1295.52,False
CUST7216,Customer71,37,Female,10,Both,32.88,328.8,True
CUST2624,Customer43,30,Male,9,Phone,118.11,1062.99,False
CUST4781,Customer76,22,Female,11,Internet,96.98,1066.78,False
CUST4401,Customer44,55,Female,6,Internet,79.48,476.88,True
CUST9915,Customer45,41,Male,72,Phone,20.7,1490.4,False
CUST1242,Customer84,36,Female,9,Phone,63.45,571.05,True
CUST9654,Customer47,56,Male,49,Both,94.24,4617.76,True
CUST9193,Customer50,63,Female,16,Internet,84.02,1344.32,False
CUST9546,Customer62,43,Female,23,Phone,37.25,856.75,False
CUST4400,Customer52,36,Male,57,Phone,22.71,1294.47,False
CUST8490,Customer81,26,Female,24,Internet,67.34,1616.16,True
CUST1856,Customer47,56,Male,46,Both,119.32,5488.72,False
CUST4627,Customer18,19,Male,47,Phone,91.85,4316.95,False
CUST8917,Customer18,26,Male,51,Phone,21.94,1118.94,True
CUST1007,Customer24,58,Female,30,Both,96.0,2880.0,False
CUST6426,Customer100,19,Male,60,Phone,56.05,3363.0,True
CUST2399,Customer96,41,Female,3,Internet,61.24,183.72,False
CUST2797,Customer32,37,Female,10,Phone,110.91,1109.1,True
CUST8411,Customer59,27,Female,53,Both,25.21,1336.13,True
CUST1089,Customer56,58,Female,71,Both,100.91,7164.61,False
CUST9522,Customer84,25,Female,55,Phone,54.36,2989.8,True
CUST3288,Customer10,65,Male,70,Phone,111.28,7789.6,False
CUST2625,Customer77,52,Male,63,Internet,93.1,5865.3,True
CUST6785,Customer64,40,Male,64,Both,22.21,1421.44,True
CUST6339,Customer47,42,Female,45,Both,109.48,4926.6,False
CUST9249,Customer98,40,Female,36,Phone,77.67,2796.12,True
CUST7706,Customer26,65,Female,17,Both,111.33,1892.61,False
CUST1670,Customer16,54,Male,36,Phone,65.82,2369.52,False
CUST6486,Customer91,22,Female,72,Phone,112.96,8133.12,False
CUST9685,Customer58,46,Male,54,Phone,24.92,1345.68,True
CUST3199,Customer67,43,Male,62,Phone,21.73,1347.26,True
CUST5371,Customer88,64,Male,37,Both,70.11,2594.07,False
CUST2399,Customer65,34,Female,3,Internet,84.65,253.95,False
CUST3975,Customer23,51,Male,38,Both,20.11,764.18,True
CUST5903,Customer79,56,Male,59,Internet,108.93,6426.87,False
CUST1514,Customer54,27,Female,55,Both,33.01,1815.55,False
CUST5403,Customer3,49,Female,43,Phone,81.3,3495.9,False
CUST6637,Customer26,51,Male,64,Internet,91.34,5845.76,False
CUST6956,Customer46,69,Male,72,Both,55.55,3999.6,False
CUST2912,Customer7,29,Female,3,Both,99.88,299.64,True
CUST3137,Customer79,38,Male,14,Both,75.06,1050.84,False
CUST2588,Customer8,19,Male,64,Both,92.05,5891.2,False
CUST1506,Customer89,34,Female,38,Internet,24.27,922.26,False
CUST5973,Customer35,50,Male,12,Internet,112.11,1345.32,False
CUST7092,Customer75,47,Female,14,Phone,39.03,546.42,True
CUST8708,Customer47,31,Female,49,Phone,20.33,996.17,True
CUST9056,Customer82,26,Male,5,Internet,109.26,546.3,False
CUST9137,Customer73,29,Male,71,Phone,102.49,7276.79,True
CUST9882,Customer4,58,Female,7,Phone,20.83,145.81,True
CUST4730,Customer49,43,Male,67,Both,33.14,2220.38,False
CUST8805,Customer89,55,Female,41,Both,56.4,2312.4,True
CUST2406,Customer9,41,Male,61,Internet,73.0,4453.0,True
CUST1265,Customer92,27,Female,38,Internet,64.62,2455.56,False
CUST2677,Customer85,66,Female,8,Phone,116.59,932.72,False
CUST1032,Customer70,38,Female,28,Phone,98.08,2746.24,False
CUST1658,Customer29,40,Male,18,Both,79.83,1436.94,False
CUST9890,Customer71,66,Female,67,Both,113.05,7574.35,False
CUST6870,Customer53,58,Male,56,Internet,118.79,6652.24,False
CUST1471,Customer35,36,Female,68,Phone,53.2,3617.6,True
CUST2847,Customer96,67,Male,9,Internet,48.25,434.25,False
CUST6570,Customer29,57,Female,58,Phone,114.61,6647.38,False
CUST4219,Customer94,49,Male,9,Both,113.89,1025.01,True
CUST9425,Customer17,19,Male,37,Phone,114.48,4235.76,True
CUST1121,Customer27,57,Female,4,Phone,77.24,308.96,True
CUST8132,Customer12,31,Female,67,Phone,86.96,5826.32,False
CUST3295,Customer50,37,Male,13,Internet,84.46,1097.98,True
CUST3346,Customer13,66,Female,19,Both,34.36,652.84,False
CUST8119,Customer4,28,Female,59,Both,97.26,5738.34,True
CUST3648,Customer81,47,Female,66,Internet,54.43,3592.38,False
CUST3494,Customer87,64,Male,21,Both,98.77,2074.17,True
CUST9830,Customer95,21,Male,70,Phone,107.11,7497.7,False
CUST8876,Customer35,52,Female,46,Internet,97.27,4474.42,False
CUST4853,Customer8,41,Female,18,Both,93.07,1675.26,False
CUST3131,Customer7,25,Female,12,Internet,35.33,423.96,False
CUST2531,Customer67,52,Male,71,Both,69.66,4945.86,False
CUST9925,Customer57,60,Male,44,Both,65.96,2902.24,True
CUST6218,Customer12,62,Male,22,Phone,20.59,452.98,False
CUST3271,Customer91,55,Male,18,Internet,76.87,1383.66,True
CUST5061,Customer53,63,Male,29,Phone,95.94,2782.26,True
CUST8201,Customer28,68,Female,72,Internet,62.87,4526.64,False
CUST6991,Customer19,30,Female,49,Phone,94.44,4627.56,True
CUST7994,Customer79,31,Male,70,Phone,119.14,8339.8,False
CUST2855,Customer74,31,Male,72,Internet,80.77,5815.44,True
CUST2532,Customer14,19,Female,40,Both,81.37,3254.8,False
CUST7786,Customer14,46,Male,36,Internet,40.73,1466.28,True
CUST8380,Customer47,24,Male,70,Phone,53.24,3726.8,True
CUST3733,Customer68,38,Male,14,Both,22.53,315.42,False
CUST2855,Customer33,32,Male,19,Both,88.19,1675.61,False
CUST2107,Customer95,24,Male,5,Internet,68.18,340.9,False
CUST4087,Customer84,58,Male,13,Phone,64.97,844.61,True
CUST9968,Customer76,36,Female,25,Phone,37.3,932.5,False
CUST5922,Customer39,25,Male,43,Phone,50.98,2192.14,False
CUST9709,Customer61,59,Female,72,Both,53.91,3881.52,False
CUST3159,Customer37,22,Male,12,Phone,29.16,349.92,False
CUST6007,Customer14,23,Female,52,Internet,109.57,5697.64,False
CUST7303,Customer63,35,Female,17,Phone,80.73,1372.41,False
CUST5643,Customer50,60,Female,42,Phone,89.44,3756.48,True
CUST7664,Customer87,41,Female,59,Internet,56.8,3351.2,False
CUST5528,Customer93,45,Male,57,Phone,98.63,5621.91,False
CUST2415,Customer2,54,Male,22,Phone,29.83,656.26,False
CUST9800,Customer53,51,Male,50,Phone,43.83,2191.5,False
CUST6183,Customer71,61,Female,52,Both,82.03,4265.56,True
CUST7568,Customer75,49,Female,26,Internet,92.36,2401.36,False
CUST2404,Customer58,23,Female,5,Internet,84.14,420.7,True
CUST9367,Customer4,21,Male,12,Phone,111.68,1340.16,True
CUST8754,Customer34,32,Female,40,Internet,112.34,4493.6,True
CUST1215,Customer99,68,Female,2,Both,55.12,110.24,False
CUST9495,Customer27,52,Male,32,Both,29.01,928.32,False
CUST7543,Customer6,65,Female,12,Both,114.16,1369.92,False
CUST9104,Customer63,29,Male,29,Phone,48.58,1408.82,True
CUST6735,Customer37,68,Male,17,Phone,86.64,1472.88,True
CUST4498,Customer61,25,Male,21,Phone,82.23,1726.83,False
CUST9120,Customer23,60,Male,14,Phone,63.67,891.38,False
CUST4922,Customer75,26,Female,15,Both,69.22,1038.3,False
CUST8048,Customer5,31,Female,28,Phone,47.98,1343.44,True
CUST5153,Customer28,46,Female,8,Both,77.53,620.24,True
CUST3226,Customer68,36,Male,35,Phone,79.47,2781.45,False
CUST8616,Customer61,27,Male,63,Phone,83.93,5287.59,False
CUST8033,Customer46,21,Male,71,Internet,84.28,5983.88,False
CUST2625,Customer46,35,Female,27,Internet,56.77,1532.79,False
CUST9787,Customer98,39,Female,41,Phone,43.58,1786.78,False
CUST8984,Customer51,29,Male,70,Both,53.76,3763.2,False
CUST8067,Customer62,33,Female,70,Phone,25.04,1752.8,False
CUST4831,Customer88,41,Female,67,Both,66.7,4468.9,False
CUST3827,Customer79,66,Male,23,Internet,90.97,2092.31,True
CUST5329,Customer18,23,Male,62,Internet,99.17,6148.54,False
CUST3585,Customer99,25,Female,29,Internet,65.38,1896.02,True
CUST9846,Customer41,48,Female,14,Both,52.04,728.56,False
CUST4884,Customer69,69,Male,13,Internet,73.11,950.43,True
CUST3239,Customer44,59,Female,46,Internet,65.56,3015.76,False
CUST1814,Customer21,40,Male,36,Phone,35.68,1284.48,True
CUST4793,Customer4,19,Female,72,Both,34.82,2507.04,False
CUST1155,Customer68,52,Male,21,Internet,53.88,1131.48,True
CUST5903,Customer64,57,Female,65,Internet,77.58,5042.7,False
CUST3706,Customer48,47,Male,46,Internet,66.41,3054.86,False
CUST7140,Customer57,24,Male,16,Both,116.7,1867.2,False
CUST7273,Customer6,26,Male,8,Internet,88.77,710.16,True
CUST8505,Customer61,25,Female,50,Internet,29.62,1481.0,True
CUST3213,Customer40,21,Female,1,Phone,105.53,105.53,True
CUST8650,Customer50,34,Male,24,Internet,61.93,1486.32,True
CUST4699,Customer40,40,Female,12,Phone,46.78,561.36,False
CUST9512,Customer24,49,Female,23,Internet,110.78,2547.94,True
CUST7335,Customer76,45,Female,55,Internet,45.9,2524.5,True
CUST7368,Customer3,57,Male,14,Both,47.52,665.28,False
CUST3351,Customer74,28,Male,29,Phone,85.28,2473.12,True
CUST8885,Customer83,66,Female,66,Internet,29.56,1950.96,True
CUST2020,Customer46,42,Female,29,Both,54.6,1583.4,True
CUST1695,Customer88,47,Female,71,Phone,23.59,1674.89,False
CUST6281,Customer9,43,Female,17,Both,46.91,797.47,False
CUST5099,Customer14,56,Female,6,Phone,109.59,657.54,False
CUST9468,Customer28,22,Male,31,Phone,38.34,1188.54,False
CUST6276,Customer61,24,Female,23,Internet,21.47,493.81,False
CUST8085,Customer87,52,Female,48,Phone,37.95,1821.6,True
CUST4045,Customer47,51,Male,19,Internet,89.38,1698.22,False
CUST6648,Customer42,44,Female,35,Internet,70.27,2459.45,False
CUST3144,Customer48,41,Female,57,Both,96.43,5496.51,True
CUST6215,Customer74,49,Male,35,Internet,105.14,3679.9,True
CUST4659,Customer35,53,Male,55,Both,62.84,3456.2,True
CUST5285,Customer63,22,Male,5,Phone,33.57,167.85,True
CUST7154,Customer61,25,Female,39,Internet,88.31,3444.09,True
CUST1449,Customer27,54,Female,26,Both,37.21,967.46,True
CUST6483,Customer79,47,Female,25,Internet,41.0,1025.0,True
CUST1956,Customer43,52,Male,42,Phone,31.16,1308.72,True
CUST2219,Customer92,63,Male,68,Internet,93.76,6375.68,False
CUST4286,Customer9,19,Female,3,Internet,41.71,125.13,False
CUST7023,Customer26,22,Female,7,Both,26.43,185.01,False
CUST8677,Customer55,55,Male,33,Phone,118.22,3901.26,True
CUST6560,Customer10,24,Male,29,Internet,98.86,2866.94,True
CUST5246,Customer39,61,Female,12,Both,53.97,647.64,True
CUST8820,Customer8,41,Male,42,Both,98.22,4125.24,False
CUST8616,Customer70,31,Female,52,Phone,74.04,3850.08,True
CUST6244,Customer33,21,Male,2,Internet,56.96,113.92,False
CUST4164,Customer67,31,Male,41,Both,113.94,4671.54,True
CUST6887,Customer2,64,Male,8,Both,30.59,244.72,True
CUST6225,Customer35,59,Female,66,Internet,67.35,4445.1,False
CUST8179,Customer94,53,Female,71,Internet,53.96,3831.16,False
CUST3785,Customer46,56,Male,1,Phone,67.99,67.99,True
CUST6625,Customer87,56,Female,64,Internet,24.59,1573.76,False
CUST7516,Customer40,65,Female,22,Internet,89.74,1974.28,True
CUST3993,Customer58,22,Male,52,Both,98.14,5103.28,False
CUST8983,Customer10,36,Female,58,Phone,30.53,1770.74,True
CUST4112,Customer11,50,Male,48,Both,92.83,4455.84,True
CUST9181,Customer43,67,Female,42,Both,78.59,3300.78,True
CUST3315,Customer19,34,Male,52,Internet,99.68,5183.36,True
CUST3819,Customer27,25,Male,67,Both,110.38,7395.46,True
CUST2057,Customer86,37,Male,50,Phone,87.22,4361.0,False
CUST7170,Customer69,61,Female,62,Phone,96.19,5963.78,True
CUST7712,Customer8,20,Male,7,Internet,75.27,526.89,False
CUST6914,Customer40,52,Male,40,Phone,92.35,3694.0,True
CUST2935,Customer54,40,Male,59,Phone,24.72,1458.48,False
CUST2164,Customer77,67,Male,35,Internet,104.82,3668.7,False
CUST3823,Customer31,58,Male,41,Internet,64.08,2627.28,True
CUST2323,Customer24,69,Male,24,Both,38.35,920.4,True
CUST7927,Customer55,22,Female,23,Phone,73.56,1691.88,True
CUST4833,Customer73,55,Female,7,Phone,26.87,188.09,False
CUST8303,Customer37,27,Female,50,Phone,44.16,2208.0,True
CUST6704,Customer63,36,Female,13,Internet,117.71,1530.23,True
CUST2772,Customer40,61,Female,29,Phone,81.97,2377.13,True
CUST7385,Customer72,70,Female,13,Both,44.83,582.79,False
CUST7180,Customer67,25,Male,53,Both,40.03,2121.59,False
CUST5378,Customer18,31,Male,58,Both,81.63,4734.54,False
CUST6075,Customer3,68,Male,8,Both,47.78,382.24,True
CUST3971,Customer73,70,Female,13,Internet,74.77,972.01,False
CUST3013,Customer9,25,Female,35,Internet,117.34,4106.9,False
CUST8022,Customer6,27,Female,50,Both,79.9,3995.0,True
CUST3940,Customer95,53,Female,66,Both,92.89,6130.74,True
CUST6600,Customer86,66,Female,35,Internet,29.22,1022.7,True
CUST2646,Customer33,34,Male,19,Phone,87.88,1669.72,False
CUST3938,Customer70,62,Male,72,Phone,63.14,4546.08,False
CUST5714,Customer93,30,Female,30,Internet,34.23,1026.9,False
CUST3896,Customer47,64,Male,3,Internet,37.49,112.47,False
CUST9261,Customer75,50,Male,22,Both,114.29,2514.38,True
CUST2041,Customer26,66,Female,3,Internet,112.54,337.62,True
CUST6556,Customer86,62,Male,8,Phone,26.7,213.6,False
CUST2382,Customer60,31,Female,51,Both,21.77,1110.27,True
CUST7007,Customer98,70,Male,7,Both,40.04,280.28,True
CUST3507,Customer48,43,Male,54,Internet,89.87,4852.98,False
CUST8768,Customer13,21,Male,36,Both,82.02,2952.72,False
CUST1611,Customer95,49,Male,27,Internet,52.96,1429.92,False
CUST9752,Customer52,56,Male,19,Both,64.16,1219.04,True
CUST2939,Customer60,39,Female,55,Both,33.02,1816.1,True
CUST5932,Customer53,32,Male,18,Phone,62.19,1119.42,True
CUST7424,Customer66,31,Male,3,Internet,26.39,79.17,False
CUST8034,Customer24,37,Female,40,Both,23.52,940.8,True
CUST7485,Customer57,37,Male,47,Both,27.85,1308.95,False
CUST4136,Customer27,44,Female,60,Internet,60.69,3641.4,True
CUST8980,Customer3,26,Male,24,Internet,71.32,1711.68,False
CUST2476,Customer25,38,Male,5,Phone,74.01,370.05,False
CUST9871,Customer6,65,Female,60,Both,102.87,6172.2,False
CUST2297,Customer75,20,Male,47,Phone,44.11,2073.17,False
CUST5254,Customer53,27,Female,48,Internet,96.97,4654.56,True
CUST3409,Customer3,55,Female,53,Both,62.73,3324.69,False
CUST8502,Customer72,32,Male,28,Internet,62.02,1736.56,True
CUST2464,Customer80,62,Male,2,Phone,50.73,101.46,False
CUST9530,Customer54,36,Male,24,Phone,107.56,2581.44,True
CUST3178,Customer29,49,Female,19,Both,69.86,1327.34,True
CUST3177,Customer16,29,Female,30,Phone,28.07,842.1,True
CUST7138,Customer13,25,Female,8,Both,66.07,528.56,False
CUST6468,Customer76,43,Female,62,Phone,22.99,1425.38,True
CUST7301,Customer38,46,Female,72,Both,47.77,3439.44,True
CUST7782,Customer68,39,Male,58,Both,58.02,3365.16,False
CUST1709,Customer29,65,Female,15,Both,41.25,618.75,False
CUST4478,Customer92,58,Male,23,Phone,69.85,1606.55,False
CUST7527,Customer21,38,Female,3,Both,88.88,266.64,True
CUST4787,Customer40,37,Female,40,Both,98.55,3942.0,False
CUST4405,Customer27,64,Female,33,Internet,87.03,2871.99,False
CUST9087,Customer4,44,Female,31,Internet,80.87,2506.97,False
CUST4446,Customer51,32,Female,22,Phone,42.86,942.92,True
CUST2797,Customer95,62,Female,2,Phone,95.99,191.98,False
CUST6950,Customer47,53,Female,61,Both,111.15,6780.15,False
CUST8300,Customer22,26,Female,24,Internet,60.27,1446.48,True
CUST9295,Customer21,63,Female,60,Both,83.75,5025.0,True
CUST9341,Customer70,18,Female,23,Both,39.06,898.38,True
CUST6928,Customer61,58,Male,31,Phone,101.12,3134.72,True
CUST3636,Customer84,61,Male,8,Phone,50.48,403.84,False
CUST9721,Customer6,65,Male,12,Internet,109.86,1318.32,False
CUST8486,Customer82,44,Female,66,Both,65.65,4332.9,False
CUST9337,Customer6,46,Female,45,Both,29.38,1322.1,True
CUST6360,Customer35,21,Female,49,Internet,87.86,4305.14,True
CUST2314,Customer22,20,Male,21,Phone,54.19,1137.99,False
CUST4009,Customer17,46,Male,38,Internet,67.02,2546.76,True
CUST7023,Customer76,21,Female,56,Internet,22.33,1250.48,False
CUST9696,Customer23,64,Male,43,Both,71.51,3074.93,False
CUST3623,Customer55,31,Female,67,Internet,54.51,3652.17,True
CUST3425,Customer26,36,Female,6,Internet,44.65,267.9,False
CUST8955,Customer37,59,Female,22,Both,76.35,1679.7,True
CUST6840,Customer74,25,Female,19,Both,59.63,1132.97,False
CUST7865,Customer64,27,Female,25,Internet,51.67,1291.75,True
CUST9203,Customer78,43,Female,65,Phone,60.74,3948.1,True
CUST3189,Customer99,64,Female,45,Internet,118.15,5316.75,True
CUST5439,Customer56,20,Female,55,Both,92.75,5101.25,True
CUST7353,Customer30,33,Female,26,Phone,70.97,1845.22,True
CUST8448,Customer89,32,Male,1,Internet,23.88,23.88,True
CUST4649,Customer59,24,Male,39,Phone,64.22,2504.58,True
CUST3162,Customer54,19,Female,62,Both,80.75,5006.5,False
CUST4043,Customer95,67,Female,35,Phone,74.76,2616.6,False
CUST1603,Customer75,25,Female,25,Internet,84.06,2101.5,False
CUST6449,Customer29,37,Female,18,Both,74.51,1341.18,False
CUST6564,Customer28,57,Female,37,Both,68.7,2541.9,True
CUST4540,Customer45,28,Female,62,Phone,92.96,5763.52,False
CUST3343,Customer54,63,Male,12,Both,60.31,723.72,True
CUST5357,Customer80,68,Female,33,Internet,66.16,2183.28,True
CUST3825,Customer37,41,Male,69,Internet,51.97,3585.93,False
CUST9847,Customer75,29,Female,62,Internet,32.22,1997.64,True
CUST9667,Customer41,24,Male,46,Phone,38.02,1748.92,False
CUST9727,Customer43,31,Female,69,Both,53.29,3677.01,False
CUST9645,Customer3,45,Female,22,Internet,77.67,1708.74,False
CUST9805,Customer9,22,Male,5,Internet,25.67,128.35,False
CUST8026,Customer72,55,Male,5,Phone,74.12,370.6,False
CUST3704,Customer27,50,Female,23,Internet,30.0,690.0,True
CUST9422,Customer38,51,Female,28,Internet,80.33,2249.24,True
CUST4198,Customer63,47,Female,6,Phone,34.06,204.36,True
CUST8754,Customer88,65,Female,18,Internet,20.61,370.98,False
CUST5224,Customer8,64,Male,36,Phone,83.47,3004.92,True
CUST3380,Customer74,45,Male,70,Phone,33.0,2310.0,False
CUST9161,Customer55,35,Female,37,Internet,75.34,2787.58,False
CUST8938,Customer79,36,Male,50,Both,76.43,3821.5,False
CUST1821,Customer45,51,Male,28,Internet,115.59,3236.52,False
CUST9964,Customer66,40,Female,23,Both,109.65,2521.95,False
CUST8292,Customer23,39,Female,44,Phone,37.98,1671.12,True
CUST7903,Customer50,55,Male,46,Phone,106.09,4880.14,False
CUST2347,Customer63,65,Female,48,Both,99.38,4770.24,False
CUST8678,Customer1,18,Male,32,Phone,28.44,910.08,False
CUST8715,Customer49,69,Female,10,Both,91.63,916.3,True
CUST9117,Customer33,30,Male,29,Internet,98.03,2842.87,False
CUST4148,Customer52,70,Male,14,Internet,65.41,915.74,False
CUST3068,Customer100,36,Male,9,Internet,53.41,480.69,False
CUST3996,Customer29,32,Female,43,Internet,94.17,4049.31,True
CUST4115,Customer62,21,Female,63,Both,25.44,1602.72,True
CUST9635,Customer58,18,Female,70,Both,67.32,4712.4,True
CUST7561,Customer32,34,Female,52,Phone,109.34,5685.68,False
CUST9183,Customer74,59,Male,15,Internet,45.0,675.0,True
CUST7161,Customer78,46,Female,19,Internet,99.58,1892.02,True
CUST9605,Customer35,70,Female,22,Internet,46.92,1032.24,False
CUST3181,Customer7,22,Male,64,Internet,68.08,4357.12,False
CUST3387,Customer34,29,Female,70,Phone,36.81,2576.7,False
CUST2909,Customer18,66,Male,58,Phone,105.44,6115.52,True
CUST7534,Customer2,64,Male,32,Both,52.34,1674.88,True
CUST7718,Customer32,37,Male,34,Phone,39.46,1341.64,True
CUST2588,Customer50,30,Male,71,Internet,94.91,6738.61,True
CUST2500,Customer95,49,Female,12,Both,51.63,619.56,True
CUST4474,Customer43,65,Female,10,Phone,101.8,1018.0,False
CUST3700,Customer88,27,Male,62,Phone,32.59,2020.58,True
CUST5030,Customer73,59,Female,13,Phone,119.14,1548.82,True
CUST7227,Customer62,41,Female,49,Phone,113.63,5567.87,True
CUST4358,Customer22,34,Male,54,Phone,32.45,1752.3,False
CUST5948,Customer59,64,Female,48,Both,65.3,3134.4,False
CUST8574,Customer95,33,Male,62,Internet,46.42,2878.04,True
CUST1571,Customer99,65,Male,52,Phone,46.88,2437.76,False
CUST3106,Customer70,37,Female,29,Phone,31.88,924.52,True
CUST2449,Customer80,22,Female,4,Both,59.91,239.64,False
CUST7547,Customer74,69,Male,52,Both,117.94,6132.88,False
CUST3738,Customer38,49,Male,57,Phone,22.36,1274.52,True
CUST6921,Customer22,58,Female,29,Both,44.14,1280.06,True
CUST5796,Customer51,51,Female,34,Both,65.47,2225.98,False
CUST8296,Customer60,66,Female,37,Internet,41.84,1548.08,True
CUST2950,Customer93,58,Male,58,Phone,70.81,4106.98,True
CUST4500,Customer51,65,Female,59,Phone,92.17,5438.03,False
CUST7143,Customer15,46,Male,35,Internet,79.28,2774.8,True
CUST5177,Customer80,66,Male,71,Phone,23.06,1637.26,True
CUST1874,Customer2,21,Female,44,Both,92.59,4073.96,False
CUST6736,Customer4,28,Male,4,Both,29.91,119.64,True
CUST9241,Customer74,28,Male,40,Phone,55.4,2216.0,True
CUST8809,Customer25,66,Female,69,Both,47.45,3274.05,False
CUST6364,Customer96,18,Female,20,Both,101.1,2022.0,False
CUST7811,Customer69,40,Male,37,Both,39.43,1458.91,False
CUST3307,Customer57,33,Female,27,Phone,91.6,2473.2,False
CUST7525,Customer16,43,Male,71,Phone,47.36,3362.56,True
CUST1179,Customer4,45,Female,55,Both,76.43,4203.65,True
CUST3552,Customer88,25,Female,35,Internet,80.61,2821.35,True
CUST2051,Customer43,19,Male,63,Both,61.58,3879.54,True
CUST5957,Customer11,40,Female,61,Internet,54.7,3336.7,False
CUST9017,Customer12,48,Female,9,Phone,38.32,344.88,False
CUST3813,Customer56,27,Female,71,Phone,76.85,5456.35,False
CUST6839,Customer53,42,Male,42,Both,27.37,1149.54,True
CUST2943,Customer46,59,Female,66,Phone,98.95,6530.7,False
CUST7545,Customer21,22,Female,4,Internet,43.87,175.48,False
CUST8182,Customer35,42,Female,17,Phone,20.51,348.67,True
CUST7055,Customer9,50,Male,31,Internet,86.03,2666.93,True
CUST5563,Customer62,56,Female,71,Internet,118.55,8417.05,True
CUST1393,Customer14,40,Male,28,Internet,101.13,2831.64,False
CUST8610,Customer24,69,Female,29,Internet,77.35,2243.15,False
CUST8138,Customer37,23,Male,50,Internet,78.73,3936.5,True
CUST4577,Customer19,22,Male,46,Both,98.02,4508.92,False
CUST9885,Customer61,62,Male,39,Both,43.79,1707.81,False
CUST1950,Customer40,55,Female,68,Both,90.58,6159.44,False
CUST2579,Customer24,61,Female,11,Both,50.27,552.97,True
CUST9778,Customer2,20,Male,39,Phone,42.74,1666.86,False
CUST7971,Customer26,30,Male,41,Both,76.08,3119.28,True
CUST1550,Customer66,32,Male,7,Both,42.2,295.4,True
CUST1002,Customer59,64,Male,3,Both,101.16,303.48,True
CUST1549,Customer65,55,Female,13,Phone,80.7,1049.1,True
CUST4919,Customer9,62,Male,62,Phone,115.22,7143.64,True
CUST1519,Customer80,49,Male,28,Phone,21.54,603.12,False
CUST6477,Customer82,63,Male,58,Internet,44.61,2587.38,False
CUST4802,Customer51,52,Female,7,Internet,43.45,304.15,True
CUST3239,Customer14,41,Male,14,Both,67.04,938.56,True
CUST6769,Customer81,42,Female,10,Internet,50.34,503.4,True
CUST5657,Customer84,53,Female,52,Internet,65.46,3403.92,False
CUST8191,Customer62,64,Male,9,Internet,61.47,553.23,False
CUST2358,Customer96,25,Female,62,Internet,93.17,5776.54,True
CUST1787,Customer52,60,Female,28,Phone,53.04,1485.12,True
CUST1025,Customer2,70,Female,60,Both,72.22,4333.2,True
CUST4679,Customer98,64,Female,64,Internet,28.19,1804.16,False
CUST4568,Customer31,54,Male,58,Phone,100.24,5813.92,False
CUST6511,Customer74,34,Female,66,Both,30.82,2034.12,True
CUST1052,Customer52,27,Male,6,Internet,114.42,686.52,True
CUST8467,Customer6,35,Male,1,Phone,117.06,117.06,False
CUST7465,Customer96,35,Female,69,Internet,66.45,4585.05,True
CUST4744,Customer25,55,Female,43,Internet,86.17,3705.31,False
CUST9150,Customer65,50,Female,58,Both,39.71,2303.18,False
CUST3053,Customer14,24,Female,29,Phone,66.8,1937.2,False
CUST8564,Customer12,27,Female,35,Internet,114.34,4001.9,False
CUST2006,Customer95,66,Female,42,Internet,22.73,954.66,True
CUST9076,Customer25,43,Female,59,Phone,38.18,2252.62,False
CUST6524,Customer63,39,Female,65,Both,110.54,7185.1,True
CUST1889,Customer20,56,Male,41,Both,21.75,891.75,True
CUST2462,Customer21,21,Female,10,Both,88.5,885.0,False
CUST1585,Customer12,50,Female,14,Internet,93.05,1302.7,True
CUST6305,Customer17,33,Male,12,Both,39.33,471.96,False
CUST6145,Customer32,22,Female,49,Internet,96.12,4709.88,False
CUST4510,Customer77,41,Female,38,Internet,61.46,2335.48,False
CUST3334,Customer91,32,Female,41,Both,44.07,1806.87,False
CUST6474,Customer79,66,Male,61,Both,21.12,1288.32,False
CUST9483,Customer52,27,Male,25,Internet,60.91,1522.75,False
CUST9261,Customer63,51,Female,37,Phone,70.03,2591.11,False
CUST9392,Customer63,53,Female,34,Phone,74.98,2549.32,False
CUST9256,Customer30,37,Female,70,Phone,90.13,6309.1,False
CUST7347,Customer1,40,Female,45,Internet,67.78,3050.1,False
CUST2562,Customer22,30,Male,59,Both,106.57,6287.63,False
CUST2567,Customer91,68,Female,22,Both,47.01,1034.22,False
CUST7000,Customer67,69,Male,14,Both,63.62,890.68,False
CUST5671,Customer18,42,Female,33,Phone,55.91,1845.03,False
CUST8403,Customer52,20,Female,43,Phone,30.41,1307.63,False
CUST5810,Customer99,69,Male,24,Phone,67.26,1614.24,True
CUST7722,Customer40,64,Male,20,Both,27.8,556.0,True
CUST8271,Customer15,48,Female,44,Internet,100.89,4439.16,False
CUST4265,Customer86,36,Female,57,Phone,84.4,4810.8,False
CUST9098,Customer29,62,Male,59,Phone,67.18,3963.62,False
CUST5490,Customer5,34,Female,57,Both,35.8,2040.6,True
CUST2219,Customer32,54,Male,9,Both,89.23,803.07,False
CUST4474,Customer2,69,Male,60,Phone,27.34,1640.4,True
CUST9477,Customer40,31,Male,18,Both,67.05,1206.9,True
CUST1183,Customer61,21,Female,46,Internet,110.54,5084.84,False
CUST5800,Customer61,56,Male,57,Internet,84.43,4812.51,False
CUST3122,Customer61,26,Female,17,Internet,118.46,2013.82,True
CUST2126,Customer49,47,Female,16,Phone,107.95,1727.2,True
CUST7277,Customer3,68,Male,33,Internet,104.22,3439.26,False
CUST8822,Customer95,38,Male,44,Internet,112.9,4967.6,False
CUST3766,Customer56,59,Female,3,Both,95.79,287.37,True
CUST3213,Customer3,46,Male,14,Phone,99.54,1393.56,True
CUST8560,Customer55,25,Female,69,Internet,81.27,5607.63,False
CUST3897,Customer47,53,Male,27,Phone,105.56,2850.12,False
CUST7195,Customer34,47,Male,23,Phone,117.45,2701.35,False
CUST5448,Customer62,56,Male,59,Both,83.36,4918.24,True
CUST1411,Customer31,52,Female,43,Both,32.3,1388.9,True
CUST5670,Customer90,45,Male,70,Both,101.81,7126.7,True
CUST8068,Customer25,65,Female,39,Phone,88.43,3448.77,False
CUST6237,Customer89,24,Female,32,Both,65.07,2082.24,True
CUST4390,Customer56,35,Female,61,Internet,117.32,7156.52,True
CUST9656,Customer33,42,Male,47,Phone,78.45,3687.15,False
CUST1592,Customer9,21,Male,50,Both,28.53,1426.5,False
CUST2231,Customer76,55,Male,55,Internet,47.31,2602.05,True
CUST6462,Customer100,56,Male,57,Internet,74.61,4252.77,False
CUST4947,Customer39,24,Female,50,Internet,115.44,5772.0,True
CUST6777,Customer11,38,Female,53,Internet,35.0,1855.0,False
CUST2459,Customer76,31,Female,40,Both,93.56,3742.4,True
CUST9469,Customer45,29,Male,16,Both,67.66,1082.56,False
CUST8412,Customer26,61,Female,51,Phone,36.1,1841.1,True
CUST7498,Customer53,21,Female,50,Both,74.94,3747.0,False
CUST7959,Customer28,43,Female,31,Internet,41.49,1286.19,True
CUST4607,Customer13,32,Female,40,Internet,22.4,896.0,True
CUST4059,Customer94,50,Male,16,Both,93.21,1491.36,False
CUST4006,Customer20,70,Female,62,Phone,24.83,1539.46,True
CUST6014,Customer42,56,Female,37,Phone,76.3,2823.1,False
CUST1176,Customer5,55,Male,10,Internet,106.3,1063.0,False
CUST2286,Customer13,56,Female,62,Internet,66.98,4152.76,False
CUST8152,Customer61,44,Female,50,Internet,83.64,4182.0,True
CUST2830,Customer36,66,Male,70,Internet,41.91,2933.7,True
CUST2321,Customer36,39,Male,40,Internet,39.57,1582.8,False
CUST8579,Customer60,65,Female,9,Both,87.09,783.81,False
CUST1254,Customer88,44,Female,26,Both,75.05,1951.3,True
CUST4873,Customer2,18,Male,53,Both,72.77,3856.81,False
CUST4003,Customer61,36,Male,50,Internet,95.91,4795.5,False
CUST1957,Customer66,20,Male,14,Phone,72.47,1014.58,False
CUST5016,Customer19,21,Female,69,Phone,87.36,6027.84,False
CUST1786,Customer71,70,Female,27,Phone,91.37,2466.99,True
CUST1145,Customer13,55,Female,3,Internet,73.37,220.11,False
CUST7381,Customer10,40,Male,36,Both,31.77,1143.72,True
CUST2812,Customer78,20,Male,70,Both,73.01,5110.7,False
CUST4264,Customer93,66,Male,40,Both,55.83,2233.2,True
CUST5406,Customer56,67,Female,40,Internet,37.28,1491.2,False
CUST6788,Customer40,49,Female,20,Internet,85.69,1713.8,True
CUST6864,Customer16,64,Female,30,Phone,30.05,901.5,False
CUST4511,Customer75,40,Female,20,Both,35.21,704.2,True
CUST2242,Customer44,55,Male,39,Phone,26.0,1014.0,False
CUST9759,Customer89,42,Male,14,Internet,57.4,803.6,True
CUST3122,Customer69,47,Male,32,Internet,55.81,1785.92,True
CUST4988,Customer99,18,Female,6,Phone,39.09,234.54,True
CUST7912,Customer74,60,Male,69,Both,50.5,3484.5,False
CUST7533,Customer32,67,Female,41,Internet,104.23,4273.43,False
CUST2847,Customer60,61,Male,3,Both,59.82,179.46,False
CUST5695,Customer58,32,Female,66,Phone,102.98,6796.68,False
CUST9170,Customer20,19,Male,8,Internet,78.48,627.84,False
CUST4322,Customer5,38,Male,61,Both,20.81,1269.41,True
CUST1966,Customer82,50,Male,65,Internet,109.68,7129.2,True
CUST2710,Customer54,54,Male,56,Phone,111.89,6265.84,False
CUST5569,Customer16,22,Male,60,Internet,23.21,1392.6,True
CUST8235,Customer86,49,Male,53,Phone,118.84,6298.52,False
CUST3704,Customer42,50,Female,33,Phone,69.01,2277.33,True
CUST6016,Customer13,44,Female,2,Both,101.43,202.86,False
CUST2026,Customer88,20,Female,52,Internet,25.74,1338.48,True
CUST1551,Customer92,65,Male,52,Both,82.24,4276.48,False
CUST6617,Customer73,32,Male,3,Phone,24.98,74.94,True
CUST3212,Customer85,51,Male,2,Internet,56.06,112.12,False
CUST1358,Customer96,54,Male,18,Internet,72.67,1308.06,False
CUST5062,Customer18,69,Male,14,Internet,20.38,285.32,False
CUST9171,Customer38,53,Male,13,Phone,93.02,1209.26,False
CUST8122,Customer20,70,Female,53,Phone,84.76,4492.28,True
CUST2019,Customer88,49,Female,58,Phone,53.24,3087.92,True
CUST1765,Customer60,40,Female,8,Phone,97.76,782.08,False
CUST6787,Customer11,49,Female,63,Both,52.23,3290.49,True
CUST1789,Customer60,18,Female,66,Both,119.06,7857.96,True
CUST2189,Customer53,24,Male,13,Both,87.77,1141.01,True
CUST8305,Customer70,20,Female,37,Both,72.54,2683.98,False
CUST9891,Customer52,29,Female,10,Phone,106.33,1063.3,True
CUST3666,Customer63,52,Female,10,Phone,23.51,235.1,True
CUST5367,Customer53,27,Male,23,Phone,39.58,910.34,True
CUST9131,Customer93,41,Male,23,Internet,97.16,2234.68,False
CUST1374,Customer31,24,Male,11,Internet,49.75,547.25,True
CUST8451,Customer34,29,Male,28,Both,26.92,753.76,False
CUST3007,Customer67,48,Male,30,Phone,85.7,2571.0,True
CUST7562,Customer10,59,Female,21,Internet,81.47,1710.87,False
CUST1628,Customer44,25,Male,5,Internet,106.07,530.35,False
CUST2637,Customer21,62,Female,23,Both,31.92,734.16,False
CUST3907,Customer77,61,Male,41,Internet,80.17,3286.97,True
CUST6099,Customer3,36,Male,16,Both,56.79,908.64,True
CUST9709,Customer24,38,Male,56,Internet,86.06,4819.36,True
CUST8698,Customer46,51,Male,18,Both,72.26,1300.68,True
CUST3406,Customer65,69,Male,32,Internet,96.75,3096.0,False
CUST7830,Customer98,26,Female,19,Internet,98.33,1868.27,True
CUST6290,Customer23,63,Female,32,Both,71.95,2302.4,False
CUST6282,Customer76,38,Male,5,Internet,20.06,100.3,True
CUST2999,Customer47,55,Female,51,Phone,82.44,4204.44,True
CUST5836,Customer68,36,Male,39,Both,24.97,973.83,False
CUST1438,Customer93,47,Male,43,Both,29.42,1265.06,False
CUST5107,Customer4,39,Female,47,Internet,57.41,2698.27,True
CUST1652,Customer12,24,Female,57,Both,51.74,2949.18,True
CUST1063,Customer54,64,Female,24,Phone,33.14,795.36,False
CUST5877,Customer33,63,Female,3,Internet,89.89,269.67,False
CUST7582,Customer71,61,Female,13,Both,105.25,1368.25,False
CUST8209,Customer64,36,Male,70,Phone,98.23,6876.1,True
CUST6170,Customer3,59,Female,51,Internet,85.96,4383.96,False
CUST2908,Customer15,19,Female,64,Internet,44.97,2878.08,False
CUST7946,Customer100,65,Male,9,Internet,32.2,289.8,True
CUST3086,Customer45,69,Female,48,Both,115.37,5537.76,True
CUST8439,Customer1,51,Male,58,Internet,47.53,2756.74,True
CUST9831,Customer27,62,Female,42,Internet,40.22,1689.24,True
CUST6765,Customer31,69,Female,46,Internet,23.77,1093.42,False
CUST6324,Customer94,43,Male,8,Internet,78.39,627.12,True
CUST1309,Customer59,29,Male,24,Internet,109.06,2617.44,True
CUST2591,Customer100,45,Female,43,Phone,32.53,1398.79,False
CUST4206,Customer58,27,Male,28,Phone,101.74,2848.72,True
CUST4114,Customer50,30,Male,2,Internet,57.51,115.02,True
CUST7019,Customer33,46,Female,1,Both,54.19,54.19,True
CUST4336,Customer86,47,Female,29,Both,89.08,2583.32,True
CUST2664,Customer40,68,Female,3,Internet,58.98,176.94,True
CUST7375,Customer29,56,Female,8,Phone,43.6,348.8,True
CUST1272,Customer56,47,Female,44,Internet,84.07,3699.08,False
CUST1466,Customer45,62,Female,39,Both,93.64,3651.96,True
CUST8943,Customer60,58,Male,50,Internet,86.81,4340.5,True
CUST5220,Customer25,53,Male,58,Both,74.32,4310.56,False
CUST6321,Customer78,44,Male,47,Internet,118.09,5550.23,True
CUST7248,Customer51,27,Female,44,Phone,88.89,3911.16,True
CUST8641,Customer47,49,Female,70,Internet,90.31,6321.7,True
CUST6616,Customer7,52,Female,41,Phone,119.19,4886.79,False
CUST1027,Customer33,63,Male,46,Both,95.71,4402.66,True
CUST8241,Customer66,19,Female,40,Internet,62.81,2512.4,False
CUST4583,Customer85,46,Female,64,Internet,71.98,4606.72,False
CUST1874,Customer20,70,Male,66,Both,67.89,4480.74,True
CUST1342,Customer98,37,Male,11,Both,46.76,514.36,True
CUST5173,Customer45,22,Male,72,Both,112.6,8107.2,False
CUST7372,Customer27,24,Female,14,Phone,36.28,507.92,False
CUST5504,Customer29,56,Female,39,Phone,71.52,2789.28,True
CUST6282,Customer11,18,Male,4,Phone,102.21,408.84,False
CUST8905,Customer67,35,Male,27,Internet,26.92,726.84,True
CUST9613,Customer10,48,Male,55,Phone,92.14,5067.7,False
CUST6776,Customer62,47,Male,48,Phone,93.13,4470.24,False
CUST7645,Customer46,31,Female,28,Internet,54.37,1522.36,False
CUST1873,Customer49,22,Male,7,Both,119.69,837.83,True
CUST8370,Customer76,58,Female,28,Both,41.45,1160.6,True
CUST8213,Customer77,20,Male,49,Internet,82.12,4023.88,True
CUST8584,Customer21,55,Female,10,Both,77.31,773.1,True
CUST2391,Customer43,29,Male,30,Phone,46.01,1380.3,False
CUST1808,Customer56,48,Male,21,Both,118.25,2483.25,False
CUST8614,Customer16,28,Female,59,Internet,109.48,6459.32,False
CUST2468,Customer57,21,Male,8,Phone,72.78,582.24,False
CUST7505,Customer54,58,Female,47,Phone,95.5,4488.5,True
CUST4764,Customer52,18,Male,70,Internet,49.36,3455.2,True
CUST4226,Customer32,57,Female,72,Phone,113.74,8189.28,False
CUST7394,Customer19,61,Male,54,Both,23.08,1246.32,False
CUST8340,Customer83,59,Male,1,Both,71.49,71.49,False
CUST1119,Customer57,24,Male,53,Internet,84.03,4453.59,False
CUST1198,Customer67,40,Female,55,Both,98.58,5421.9,True
CUST9441,Customer81,59,Male,59,Both,81.83,4827.97,False
CUST3664,Customer2,60,Male,4,Both,87.75,351.0,False
CUST7220,Customer7,35,Female,41,Internet,90.51,3710.91,False
CUST9358,Customer70,69,Male,1,Both,44.57,44.57,False
CUST3601,Customer35,58,Male,46,Phone,65.26,3001.96,True
CUST3626,Customer9,41,Male,51,Both,44.69,2279.19,False
CUST9429,Customer96,42,Male,72,Both,72.06,5188.32,True
CUST5119,Customer52,63,Female,46,Both,61.21,2815.66,False
CUST3377,Customer46,68,Male,64,Phone,114.97,7358.08,True
CUST9712,Customer40,61,Female,15,Both,27.95,419.25,False
CUST1302,Customer96,45,Female,54,Internet,39.49,2132.46,False
CUST8557,Customer40,26,Male,65,Both,54.22,3524.3,False
CUST2289,Customer6,35,Male,56,Both,46.96,2629.76,False
CUST9867,Customer58,19,Male,66,Internet,22.35,1475.1,True
CUST9191,Customer38,27,Male,19,Phone,115.1,2186.9,True
CUST6614,Customer28,18,Female,34,Phone,53.41,1815.94,True
CUST4508,Customer16,22,Male,22,Internet,79.66,1752.52,True
CUST8153,Customer17,40,Female,26,Internet,50.8,1320.8,True
CUST9937,Customer38,25,Female,19,Both,36.98,702.62,False
CUST9179,Customer20,27,Male,51,Internet,105.57,5384.07,True
CUST1505,Customer31,34,Female,38,Phone,47.05,1787.9,False
CUST3225,Customer100,29,Male,70,Internet,40.17,2811.9,True
CUST2818,Customer56,62,Female,33,Phone,39.13,1291.29,False
CUST5678,Customer34,31,Female,16,Phone,89.15,1426.4,True
CUST7195,Customer56,40,Female,44,Both,58.88,2590.72,False
CUST4137,Customer56,50,Male,65,Phone,79.48,5166.2,True
CUST5596,Customer11,52,Female,43,Phone,73.8,3173.4,True
CUST5390,Customer24,60,Female,51,Phone,80.0,4080.0,False
CUST4419,Customer35,18,Female,46,Phone,68.28,3140.88,False
CUST7312,Customer23,69,Male,9,Internet,27.1,243.9,True
CUST6085,Customer81,61,Male,66,Internet,105.95,6992.7,False
CUST6020,Customer80,63,Female,72,Internet,41.73,3004.56,False
CUST7593,Customer68,48,Male,72,Phone,115.09,8286.48,False
CUST8057,Customer99,60,Male,45,Both,84.86,3818.7,False
CUST4951,Customer84,32,Male,56,Both,22.25,1246.0,False
CUST5596,Customer89,24,Female,14,Both,49.75,696.5,True
CUST2549,Customer91,45,Male,14,Internet,34.3,480.2,True
CUST6488,Customer28,19,Female,28,Internet,24.26,679.28,True
CUST4314,Customer88,43,Female,24,Internet,99.01,2376.24,False
CUST2764,Customer100,60,Male,14,Phone,72.12,1009.68,True
CUST5577,Customer47,55,Male,47,Phone,34.12,1603.64,True
CUST7038,Customer71,37,Male,56,Internet,108.66,6084.96,True
CUST1637,Customer36,36,Male,31,Phone,71.02,2201.62,False
CUST8575,Customer100,18,Female,50,Internet,113.41,5670.5,False
CUST3555,Customer85,66,Male,1,Internet,73.11,73.11,False
CUST9167,Customer75,41,Female,23,Internet,93.8,2157.4,True
CUST7767,Customer92,31,Female,59,Phone,35.85,2115.15,False
CUST8159,Customer74,58,Female,43,Both,65.09,2798.87,False
CUST9005,Customer37,66,Male,2,Internet,33.85,67.7,False
CUST1083,Customer53,33,Male,60,Both,82.47,4948.2,True
CUST5785,Customer29,27,Male,37,Phone,20.37,753.69,True
CUST8800,Customer94,66,Male,49,Phone,98.52,4827.48,False
CUST7952,Customer34,30,Male,38,Phone,36.93,1403.34,True
CUST3295,Customer80,41,Male,23,Internet,56.35,1296.05,False
CUST3040,Customer98,20,Female,20,Internet,61.71,1234.2,True
CUST6783,Customer27,68,Female,43,Phone,114.51,4923.93,True
CUST8050,Customer40,58,Female,68,Internet,20.04,1362.72,True
CUST7026,Customer30,56,Female,57,Phone,96.24,5485.68,True
CUST7879,Customer80,26,Male,11,Internet,61.83,680.13,True
CUST7247,Customer1,43,Female,8,Both,103.65,829.2,False
CUST1006,Customer54,56,Male,27,Both,84.06,2269.62,True
CUST2410,Customer97,63,Male,70,Internet,112.58,7880.6,False
CUST8456,Customer6,55,Female,58,Internet,108.17,6273.86,True
CUST7775,Customer27,69,Female,26,Internet,83.0,2158.0,False
CUST9681,Customer23,48,Female,60,Phone,25.45,1527.0,False
CUST1187,Customer46,61,Female,62,Both,44.23,2742.26,False
CUST5605,Customer64,46,Female,22,Phone,36.92,812.24,True
CUST9782,Customer52,57,Female,53,Internet,53.74,2848.22,False
CUST5395,Customer95,30,Female,38,Both,80.11,3044.18,False
CUST7663,Customer34,38,Female,1,Internet,111.13,111.13,False
CUST2187,Customer52,53,Female,65,Phone,48.5,3152.5,False
CUST8184,Customer90,64,Female,7,Both,112.41,786.87,False
CUST6666,Customer29,23,Female,26,Internet,31.57,820.82,False
CUST8300,Customer68,31,Male,49,Both,46.56,2281.44,False
CUST2769,Customer68,51,Female,34,Internet,23.51,799.34,False
CUST6836,Customer40,54,Male,13,Internet,48.9,635.7,False
CUST2395,Customer83,58,Male,29,Phone,85.78,2487.62,False
CUST8384,Customer10,45,Female,1,Internet,66.44,66.44,False
CUST3179,Customer1,56,Male,25,Phone,32.95,823.75,True
CUST1523,Customer34,56,Male,14,Phone,79.07,1106.98,True
CUST9381,Customer91,18,Female,7,Phone,51.99,363.93,False
CUST4039,Customer55,22,Male,16,Internet,74.89,1198.24,True
CUST3403,Customer21,20,Male,68,Both,20.33,1382.44,False
CUST2647,Customer81,47,Male,12,Internet,117.41,1408.92,False
CUST1985,Customer58,25,Female,44,Both,100.83,4436.52,False
CUST8941,Customer54,25,Male,30,Internet,50.72,1521.6,True
CUST7775,Customer47,55,Female,30,Phone,49.89,1496.7,False
CUST5383,Customer74,70,Male,4,Internet,33.89,135.56,True
CUST1475,Customer1,51,Female,9,Internet,40.12,361.08,False
CUST1079,Customer100,29,Female,54,Phone,61.35,3312.9,True
CUST1051,Customer6,53,Male,54,Both,106.68,5760.72,True
CUST6048,Customer54,32,Female,18,Internet,66.62,1199.16,True
CUST9297,Customer73,58,Female,48,Phone,62.12,2981.76,False
CUST2531,Customer92,34,Male,41,Internet,107.45,4405.45,True
CUST4655,Customer21,47,Male,36,Phone,31.04,1117.44,True
CUST1669,Customer60,33,Male,14,Both,119.18,1668.52,True
CUST5969,Customer86,30,Female,52,Internet,101.75,5291.0,False
CUST3953,Customer34,42,Male,60,Phone,30.54,1832.4,False
CUST9531,Customer10,69,Female,31,Internet,78.45,2431.95,False
CUST3678,Customer97,35,Male,49,Phone,64.22,3146.78,True
CUST6590,Customer32,69,Male,30,Phone,56.96,1708.8,True
CUST7944,Customer36,58,Female,45,Phone,60.52,2723.4,False
CUST2616,Customer20,68,Male,7,Phone,66.92,468.44,True
CUST3885,Customer71,49,Female,72,Internet,77.5,5580.0,False
CUST7348,Customer55,34,Female,26,Internet,80.98,2105.48,False
CUST3816,Customer64,62,Male,52,Internet,53.56,2785.12,True
CUST1423,Customer17,49,Male,59,Internet,79.33,4680.47,False
CUST3464,Customer96,59,Male,29,Internet,92.08,2670.32,False
CUST3510,Customer58,54,Male,38,Both,43.9,1668.2,False
CUST4907,Customer69,28,Female,24,Internet,107.86,2588.64,True
CUST3092,Customer33,37,Male,13,Both,49.45,642.85,False
CUST8374,Customer72,65,Female,67,Internet,76.64,5134.88,False
CUST3213,Customer82,20,Male,22,Both,53.92,1186.24,True
CUST7697,Customer13,50,Female,2,Both,53.37,106.74,False
CUST7591,Customer76,41,Female,59,Phone,67.97,4010.23,False
CUST4120,Customer72,53,Male,10,Phone,119.03,1190.3,False
CUST4293,Customer75,64,Female,48,Internet,38.55,1850.4,True
CUST5693,Customer81,70,Female,59,Phone,51.72,3051.48,False
CUST6363,Customer3,47,Male,6,Internet,89.49,536.94,False
CUST2629,Customer98,51,Male,56,Phone,70.43,3944.08,False
CUST1932,Customer16,32,Male,43,Both,105.62,4541.66,True
CUST8467,Customer29,35,Male,60,Internet,91.98,5518.8,True
CUST5077,Customer51,23,Female,33,Both,115.41,3808.53,False
CUST6276,Customer78,32,Male,24,Phone,105.38,2529.12,False
CUST5512,Customer75,22,Female,24,Both,71.47,1715.28,False
CUST5112,Customer59,44,Male,13,Internet,85.66,1113.58,True
CUST5716,Customer20,45,Female,2,Internet,87.88,175.76,True
CUST2156,Customer49,40,Female,66,Internet,61.74,4074.84,True
CUST9666,Customer97,57,Male,32,Both,81.61,2611.52,False
CUST3781,Customer98,34,Female,19,Internet,28.68,544.92,False
CUST8307,Customer8,57,Male,60,Internet,113.08,6784.8,False
CUST7446,Customer45,18,Female,12,Internet,111.36,1336.32,True
CUST8909,Customer12,28,Male,35,Both,87.73,3070.55,False
CUST1162,Customer28,41,Female,54,Internet,65.44,3533.76,True
CUST1952,Customer37,33,Female,29,Phone,105.1,3047.9,False
CUST2900,Customer68,43,Male,47,Both,88.58,4163.26,False
CUST8490,Customer59,38,Male,45,Internet,33.79,1520.55,True
CUST4159,Customer17,24,Male,70,Both,50.79,3555.3,False
CUST7097,Customer25,18,Male,41,Phone,62.97,2581.77,True
CUST9899,Customer84,50,Female,6,Phone,27.54,165.24,False
CUST3289,Customer30,34,Male,28,Internet,110.2,3085.6,False
CUST9427,Customer77,39,Female,36,Internet,21.49,773.64,False
CUST1681,Customer97,61,Female,70,Phone,36.71,2569.7,True
CUST4766,Customer93,64,Male,10,Phone,72.26,722.6,True
CUST4639,Customer52,55,Male,9,Phone,46.28,416.52,False
CUST7412,Customer98,70,Female,39,Phone,31.33,1221.87,True
CUST7658,Customer73,43,Male,63,Phone,54.4,3427.2,False
CUST5258,Customer92,40,Female,46,Phone,31.3,1439.8,False
CUST5570,Customer85,37,Female,29,Internet,77.44,2245.76,True
CUST2194,Customer73,35,Male,14,Phone,84.51,1183.14,False
CUST3382,Customer87,50,Female,40,Internet,44.39,1775.6,True
CUST5530,Customer89,37,Female,29,Internet,41.82,1212.78,False
CUST2294,Customer60,49,Male,30,Phone,58.08,1742.4,True
CUST3943,Customer10,26,Female,21,Phone,92.48,1942.08,True
CUST2069,Customer21,48,Female,61,Both,72.23,4406.03,True
CUST7954,Customer45,48,Female,30,Phone,26.49,794.7,True
CUST9034,Customer42,44,Female,69,Phone,89.24,6157.56,False
CUST7092,Customer84,54,Male,21,Internet,63.2,1327.2,False
CUST3898,Customer75,38,Male,10,Internet,85.52,855.2,True
CUST2991,Customer85,49,Male,4,Both,44.99,179.96,True
CUST6314,Customer47,28,Female,18,Phone,27.18,489.24,True
CUST6523,Customer88,46,Female,25,Both,24.12,603.0,False
CUST9289,Customer51,70,Male,27,Internet,104.53,2822.31,True
CUST7314,Customer64,42,Male,56,Phone,98.48,5514.88,True
CUST8164,Customer59,21,Male,46,Internet,79.32,3648.72,True
CUST9933,Customer39,66,Male,33,Internet,111.69,3685.77,True
CUST5993,Customer74,58,Female,71,Phone,56.05,3979.55,False
CUST3327,Customer87,58,Female,48,Both,44.94,2157.12,False
CUST7926,Customer42,59,Female,22,Phone,27.15,597.3,False
CUST5757,Customer85,38,Male,62,Both,117.41,7279.42,False
CUST2781,Customer9,60,Female,53,Phone,104.63,5545.39,True
CUST7151,Customer84,18,Male,6,Phone,69.82,418.92,True
CUST6388,Customer26,60,Female,56,Internet,58.58,3280.48,False
CUST6781,Customer78,18,Male,17,Internet,80.54,1369.18,True
CUST4548,Customer11,39,Male,27,Phone,80.11,2162.97,True
CUST1697,Customer2,53,Female,59,Internet,110.74,6533.66,True
CUST7959,Customer17,34,Female,42,Internet,97.31,4087.02,False
CUST4946,Customer12,41,Male,34,Internet,53.89,1832.26,False
CUST8766,Customer71,28,Female,20,Phone,86.06,1721.2,True
CUST4190,Customer74,56,Female,70,Phone,107.38,7516.6,False
CUST5003,Customer5,48,Female,43,Phone,40.7,1750.1,True
CUST6122,Customer36,52,Male,20,Both,47.27,945.4,True
CUST7900,Customer24,20,Female,36,Phone,77.53,2791.08,False
CUST9623,Customer81,50,Female,67,Internet,113.0,7571.0,True
CUST6712,Customer90,65,Male,20,Phone,60.88,1217.6,True
CUST3509,Customer87,46,Female,4,Phone,25.22,100.88,True
CUST6155,Customer48,42,Female,6,Phone,69.43,416.58,True
CUST7029,Customer27,45,Male,3,Phone,22.77,68.31,True
CUST7071,Customer62,70,Male,59,Phone,75.19,4436.21,False
CUST7448,Customer93,38,Male,21,Phone,27.11,569.31,False
CUST8666,Customer92,61,Female,36,Both,41.94,1509.84,False
CUST6185,Customer81,27,Female,55,Both,92.99,5114.45,True
CUST1556,Customer86,46,Female,3,Both,51.25,153.75,True
CUST9349,Customer87,59,Male,56,Both,71.47,4002.32,False
CUST2687,Customer42,58,Male,40,Both,26.5,1060.0,True
CUST8040,Customer62,25,Male,10,Internet,99.53,995.3,True
CUST6204,Customer91,19,Male,67,Internet,75.8,5078.6,True
CUST1839,Customer60,70,Male,23,Internet,62.21,1430.83,False
CUST3164,Customer84,48,Female,19,Phone,57.14,1085.66,False
CUST7411,Customer18,20,Male,58,Internet,82.94,4810.52,False
CUST7763,Customer55,50,Male,38,Internet,56.82,2159.16,True
CUST5582,Customer40,40,Male,16,Both,110.03,1760.48,True
CUST6165,Customer31,55,Female,1,Both,116.02,116.02,False
CUST1758,Customer33,23,Male,57,Phone,80.28,4575.96,False
CUST8019,Customer56,54,Female,68,Internet,92.68,6302.24,True
CUST9585,Customer99,57,Male,16,Phone,61.29,980.64,False
CUST3767,Customer78,28,Male,36,Both,65.49,2357.64,False
CUST5012,Customer21,60,Female,7,Phone,51.34,359.38,False
CUST1352,Customer72,27,Female,71,Internet,49.3,3500.3,False
CUST7724,Customer11,53,Male,68,Phone,65.4,4447.2,True
CUST4821,Customer85,34,Male,57,Phone,25.72,1466.04,False
CUST1242,Customer41,53,Male,4,Internet,90.06,360.24,True
CUST1508,Customer9,26,Female,9,Internet,39.33,353.97,False
CUST8282,Customer6,29,Female,13,Phone,24.48,318.24,False
CUST4667,Customer92,40,Male,22,Phone,90.67,1994.74,False
CUST6033,Customer3,58,Female,34,Both,68.77,2338.18,False
CUST2099,Customer24,35,Female,4,Phone,69.97,279.88,False
CUST2312,Customer14,69,Male,5,Both,81.36,406.8,False
CUST8684,Customer57,23,Male,37,Phone,26.02,962.74,True
CUST3445,Customer70,54,Female,72,Phone,93.33,6719.76,True
CUST6686,Customer5,27,Male,71,Both,26.53,1883.63,True
CUST5240,Customer98,34,Female,62,Both,61.48,3811.76,True
CUST3986,Customer88,35,Male,38,Both,40.37,1534.06,True
CUST7315,Customer34,38,Male,7,Both,64.94,454.58,True
CUST5100,Customer93,24,Male,8,Both,94.21,753.68,True
CUST2075,Customer40,51,Female,11,Internet,40.48,445.28,True
CUST7008,Customer82,29,Female,8,Both,99.75,798.0,True
CUST4910,Customer94,23,Male,51,Phone,44.64,2276.64,True
CUST8437,Customer45,49,Female,45,Internet,119.82,5391.9,False
CUST4801,Customer92,23,Male,18,Both,42.2,759.6,True
CUST4133,Customer30,46,Female,30,Both,59.54,1786.2,True
CUST8334,Customer85,56,Female,40,Internet,90.82,3632.8,True
CUST5283,Customer20,27,Male,67,Both,93.62,6272.54,False
CUST9990,Customer98,32,Female,42,Internet,58.43,2454.06,True
CUST2410,Customer17,46,Male,60,Phone,61.2,3672.0,True
CUST8644,Customer57,63,Male,49,Internet,25.46,1247.54,True
CUST2250,Customer17,32,Male,68,Internet,80.66,5484.88,False
CUST9581,Customer78,34,Female,56,Both,34.49,1931.44,True
CUST8668,Customer94,38,Female,24,Internet,54.96,1319.04,False
CUST2438,Customer5,70,Male,67,Both,116.81,7826.27,False
CUST3401,Customer59,60,Female,37,Internet,26.34,974.58,False
CUST5337,Customer75,28,Female,66,Both,46.86,3092.76,True
CUST2817,Customer10,65,Female,8,Both,85.99,687.92,True
CUST9870,Customer2,68,Female,51,Both,98.78,5037.78,True
CUST5904,Customer15,43,Male,67,Both,109.04,7305.68,False
CUST8023,Customer2,18,Female,13,Both,22.96,298.48,True
CUST4155,Customer88,24,Male,44,Internet,47.08,2071.52,False
CUST3855,Customer6,27,Female,43,Both,107.46,4620.78,True
CUST4443,Customer82,33,Female,23,Phone,41.45,953.35,False
CUST8473,Customer61,58,Male,14,Both,54.67,765.38,True
CUST3586,Customer6,53,Female,58,Phone,102.57,5949.06,True
CUST9349,Customer35,56,Female,13,Phone,21.8,283.4,True
CUST6497,Customer58,55,Male,66,Both,58.36,3851.76,False
CUST7959,Customer21,69,Male,62,Both,35.57,2205.34,True
CUST1973,Customer60,43,Female,28,Phone,117.34,3285.52,True
CUST2111,Customer88,55,Female,35,Internet,72.44,2535.4,False
CUST6211,Customer87,31,Female,37,Both,116.08,4294.96,True
CUST8743,Customer56,19,Female,48,Both,105.2,5049.6,False
CUST7953,Customer50,65,Female,17,Phone,44.34,753.78,False
CUST1622,Customer8,50,Female,53,Phone,32.73,1734.69,True
CUST9638,Customer40,38,Male,35,Phone,87.71,3069.85,True
CUST2783,Customer30,69,Male,37,Phone,97.61,3611.57,True
CUST7471,Customer34,28,Female,23,Both,40.24,925.52,False
CUST2744,Customer26,61,Female,52,Internet,89.48,4652.96,False
CUST4853,Customer47,45,Male,15,Internet,79.2,1188.0,False
CUST4196,Customer14,33,Female,29,Both,27.53,798.37,False
CUST3048,Customer16,69,Male,13,Both,75.96,987.48,True
CUST5146,Customer4,70,Male,14,Internet,75.09,1051.26,True
CUST9785,Customer55,70,Female,42,Phone,37.52,1575.84,False
CUST6724,Customer79,28,Female,12,Internet,52.61,631.32,True
CUST4759,Customer84,49,Male,8,Both,87.94,703.52,True
CUST7271,Customer30,22,Female,19,Both,21.22,403.18,False
CUST5600,Customer33,34,Male,1,Both,98.45,98.45,True
CUST3990,Customer41,44,Male,23,Phone,119.71,2753.33,True
CUST6835,Customer51,54,Female,5,Internet,104.45,522.25,True
CUST4350,Customer45,20,Male,64,Phone,27.16,1738.24,False
CUST3524,Customer51,53,Male,54,Internet,44.51,2403.54,False
CUST1255,Customer18,52,Male,71,Internet,93.74,6655.54,True
CUST6392,Customer25,70,Male,55,Phone,94.15,5178.25,True
CUST1248,Customer59,24,Male,65,Internet,116.64,7581.6,True
CUST3218,Customer29,55,Male,71,Both,86.22,6121.62,False
CUST9657,Customer96,51,Female,26,Internet,117.38,3051.88,True
CUST9596,Customer44,41,Female,12,Both,89.71,1076.52,True
CUST7149,Customer63,23,Female,38,Internet,70.01,2660.38,False
CUST5267,Customer37,50,Female,22,Both,27.41,603.02,False
CUST5361,Customer45,29,Male,69,Internet,90.88,6270.72,True
CUST1565,Customer70,30,Male,56,Internet,77.24,4325.44,True
CUST6680,Customer17,45,Male,16,Internet,77.89,1246.24,False
CUST7301,Customer19,23,Male,14,Both,68.37,957.18,True
CUST9271,Customer45,19,Female,57,Both,108.33,6174.81,True
CUST7006,Customer96,23,Female,66,Both,110.34,7282.44,True
CUST2572,Customer2,50,Female,51,Phone,81.49,4155.99,False
CUST9789,Customer94,33,Male,22,Both,46.52,1023.44,False
CUST6614,Customer36,55,Female,26,Both,96.3,2503.8,False
CUST1481,Customer25,18,Male,34,Phone,107.13,3642.42,False
CUST7792,Customer20,50,Female,51,Phone,51.87,2645.37,False
CUST6559,Customer41,40,Male,59,Phone,88.73,5235.07,True
CUST5806,Customer86,51,Male,10,Internet,116.52,1165.2,False
CUST6607,Customer30,62,Female,2,Phone,40.92,81.84,True
CUST7285,Customer46,41,Male,17,Both,22.56,383.52,True
CUST9873,Customer92,30,Male,45,Phone,115.25,5186.25,False
CUST6542,Customer61,35,Female,20,Both,115.38,2307.6,False
CUST4361,Customer12,68,Female,58,Internet,85.51,4959.58,False
CUST3259,Customer24,57,Male,1,Phone,30.62,30.62,True
CUST1453,Customer60,25,Male,37,Both,38.02,1406.74,True
CUST5947,Customer93,30,Female,32,Both,89.59,2866.88,False
CUST9428,Customer45,54,Male,62,Phone,42.87,2657.94,True
CUST2525,Customer21,31,Male,2,Both,35.02,70.04,True
CUST9133,Customer62,37,Female,51,Internet,49.63,2531.13,False
CUST3786,Customer80,18,Female,8,Both,113.98,911.84,True
CUST3643,Customer44,65,Female,68,Internet,25.05,1703.4,True
CUST7759,Customer99,70,Male,9,Both,26.52,238.68,False
CUST8944,Customer92,59,Female,41,Phone,99.72,4088.52,False
CUST5550,Customer27,31,Female,47,Internet,59.33,2788.51,True
CUST9833,Customer53,68,Female,28,Both,49.13,1375.64,False
CUST7805,Customer35,19,Male,62,Internet,75.12,4657.44,False
CUST8533,Customer58,19,Male,18,Phone,35.97,647.46,False
CUST8702,Customer61,60,Female,64,Phone,114.76,7344.64,False
CUST6401,Customer93,29,Male,61,Internet,109.53,6681.33,False
CUST3496,Customer94,36,Female,28,Internet,88.09,2466.52,False
CUST5454,Customer73,34,Male,53,Phone,24.61,1304.33,True
CUST2332,Customer23,23,Male,66,Internet,39.71,2620.86,False
CUST2240,Customer56,56,Male,15,Phone,74.19,1112.85,False
CUST8968,Customer58,23,Male,3,Internet,33.96,101.88,True
CUST8016,Customer88,53,Female,38,Both,115.72,4397.36,True
CUST6579,Customer100,46,Male,24,Phone,54.24,1301.76,True
CUST9654,Customer59,56,Male,64,Internet,112.16,7178.24,True
CUST9082,Customer36,20,Male,35,Both,100.22,3507.7,False
CUST8673,Customer68,33,Female,25,Phone,61.86,1546.5,False
CUST1309,Customer25,30,Male,71,Phone,99.42,7058.82,False
CUST2815,Customer67,62,Male,31,Internet,67.42,2090.02,True
CUST8463,Customer4,19,Female,27,Both,47.08,1271.16,True
CUST5151,Customer72,30,Female,28,Internet,84.7,2371.6,False
CUST7668,Customer58,69,Male,24,Internet,62.55,1501.2,False
CUST9307,Customer63,57,Female,65,Internet,66.26,4306.9,False
CUST9817,Customer55,55,Male,10,Both,61.61,616.1,True
CUST7036,Customer90,66,Female,10,Internet,78.24,782.4,True
CUST3350,Customer24,29,Male,33,Internet,63.54,2096.82,True
CUST3258,Customer48,58,Male,9,Phone,97.27,875.43,False
CUST5590,Customer39,51,Female,65,Internet,81.46,5294.9,False
CUST7543,Customer39,66,Male,67,Internet,80.62,5401.54,False
CUST8437,Customer43,38,Female,31,Both,58.6,1816.6,False
CUST1885,Customer47,25,Female,39,Internet,106.13,4139.07,True
CUST9220,Customer61,20,Male,63,Both,85.86,5409.18,False
CUST2795,Customer68,47,Male,15,Internet,54.33,814.95,False
CUST1736,Customer52,38,Male,23,Both,100.06,2301.38,False
CUST8418,Customer67,50,Male,72,Internet,63.91,4601.52,False
CUST3483,Customer4,44,Male,62,Phone,102.71,6368.02,False
CUST3600,Customer82,64,Male,3,Both,51.88,155.64,True
CUST3420,Customer73,57,Female,61,Both,107.86,6579.46,True
CUST1271,Customer98,39,Female,31,Internet,26.73,828.63,False
CUST1090,Customer86,56,Female,19,Phone,97.61,1854.59,True
CUST4379,Customer74,58,Female,8,Both,65.68,525.44,True
CUST2740,Customer29,30,Male,35,Phone,83.0,2905.0,False
CUST3662,Customer62,29,Female,17,Phone,87.31,1484.27,True
CUST6658,Customer21,66,Female,22,Both,117.4,2582.8,True
CUST6047,Customer14,67,Male,49,Both,34.96,1713.04,True
CUST3464,Customer14,48,Male,18,Phone,103.0,1854.0,True
CUST6009,Customer17,37,Male,2,Both,94.29,188.58,True
CUST8654,Customer78,63,Male,63,Both,94.82,5973.66,False
CUST4077,Customer15,31,Female,57,Both,94.19,5368.83,True
CUST3809,Customer50,37,Male,33,Both,39.67,1309.11,False
CUST8122,Customer75,43,Male,57,Phone,90.6,5164.2,True
CUST7074,Customer92,55,Male,43,Internet,79.8,3431.4,False
CUST4074,Customer67,29,Male,55,Internet,89.37,4915.35,True
CUST9979,Customer80,50,Female,9,Phone,80.06,720.54,False
